,광역시도,시군구,20-39세,20-39세,20-39세,65세이상,65세이상,65세이상,인구수,인구수,인구수,소멸비율,소멸위기지역
구분,,,계,남자,여자,계,남자,여자,계,남자,여자,,
0,강원, 강릉시,46008.0,25015.0,20993.0,40497.0,17378.0,23119.0,203057.0,101154.0,101903.0,1.036768155665852,False
1,강원, 고성군,4006.0,2307.0,1699.0,7005.0,2957.0,4048.0,23621.0,11933.0,11688.0,0.48508208422555316,True
2,강원, 동해시,16311.0,8801.0,7510.0,16152.0,7075.0,9077.0,83888.0,42093.0,41795.0,0.9299157999009411,True
3,강원, 삼척시,12428.0,7148.0,5280.0,14953.0,6314.0,8639.0,61833.0,31630.0,30203.0,0.7062128001070019,True
4,강원, 속초시,15928.0,8517.0,7411.0,14010.0,5866.0,8144.0,76302.0,37488.0,38814.0,1.0579586009992863,False
5,강원, 양구군,4656.0,2640.0,2016.0,4123.0,1784.0,2339.0,19900.0,10272.0,9628.0,0.9779286926994907,True
6,강원, 양양군,4020.0,2210.0,1810.0,7405.0,3240.0,4165.0,25125.0,12599.0,12526.0,0.4888588791357191,True
7,강원, 영월군,4983.0,2756.0,2227.0,10051.0,4458.0,5593.0,34342.0,17530.0,16812.0,0.4431399860710377,True
8,강원, 원주시,83196.0,42417.0,40779.0,46837.0,20273.0,26564.0,329874.0,163155.0,166719.0,1.7413156265345773,False
9,강원, 인제군,6320.0,3581.0,2739.0,5793.0,2591.0,3202.0,28219.0,14807.0,13412.0,0.9456240290005179,True
10,강원, 정선군,5007.0,2785.0,2222.0,8810.0,3861.0,4949.0,32728.0,16876.0,15852.0,0.5044267877412032,True
11,강원, 철원군,8373.0,4606.0,3767.0,9045.0,3866.0,5179.0,40147.0,20255.0,19892.0,0.8329463792150359,True
12,강원, 춘천시,66567.0,33573.0,32994.0,44624.0,19112.0,25512.0,265695.0,129655.0,136040.0,1.4787558264610972,False
13,강원, 태백시,6857.0,3646.0,3211.0,9412.0,4029.0,5383.0,40467.0,20307.0,20160.0,0.6823204419889503,True
14,강원, 평창군,5597.0,3053.0,2544.0,10304.0,4586.0,5718.0,37624.0,19034.0,18590.0,0.4937888198757764,True
15,강원, 홍천군,10966.0,5979.0,4987.0,15824.0,7127.0,8697.0,62531.0,31608.0,30923.0,0.6303083923154702,True
16,강원, 화천군,5189.0,3023.0,2166.0,4863.0,2112.0,2751.0,21700.0,11302.0,10398.0,0.8908081431215299,True
17,강원, 횡성군,6502.0,3457.0,3045.0,11883.0,5461.0,6422.0,41427.0,20919.0,20508.0,0.5124968442312547,True
18,경기, 가평군,10406.0,5558.0,4848.0,13649.0,6146.0,7503.0,55249.0,27803.0,27446.0,0.7103817129460034,True
19,경기, 고양시,128212.0,62050.0,66162.0,63268.5,27046.0,36222.5,494500.0,239407.5,255092.5,2.0914673178595984,False
20,경기, 과천시,13196.0,6591.0,6605.0,7335.0,3162.0,4173.0,52389.0,25565.0,26824.0,1.8009543285616905,False
21,경기, 광명시,79498.0,39648.0,39850.0,39032.0,16971.0,22061.0,300735.0,146975.0,153760.0,2.0419143267062925,False
22,경기, 광주시,95920.0,48965.0,46955.0,43492.0,20397.0,23095.0,350406.0,177168.0,173238.0,2.1592476777338363,False
23,경기, 구리시,50331.0,24794.0,25537.0,23685.0,10527.0,13158.0,187625.0,91954.0,95671.0,2.1563858982478363,False
24,경기, 군포시,71824.0,36221.0,35603.0,31741.0,14067.0,17674.0,261123.0,128228.0,132895.0,2.2433445701143633,False
25,경기, 김포시,107755.0,52409.0,55346.0,49106.0,22095.0,27011.0,410416.0,203616.0,206800.0,2.2541440964444264,False
26,경기, 남양주시,158873.0,77365.0,81508.0,86857.0,38743.0,48114.0,658410.0,324619.0,333791.0,1.8768320342632143,False
27,경기, 동두천시,19995.0,10289.0,9706.0,16535.0,6964.0,9571.0,87789.0,43473.0,44316.0,1.1739945570003023,False
28,경기, 부천시,225145.0,112609.0,112536.0,97382.0,43543.0,53839.0,789832.0,388300.0,401532.0,2.311227947670001,False
29,경기, 성남시,122983.0,61044.5,61938.5,59075.0,26130.0,32945.0,440429.5,215982.0,224447.5,2.0969445619974607,False
30,경기, 수원시,137743.2,70064.4,67678.8,46976.0,20497.6,26478.4,454143.2,226291.2,227852.0,2.8814202997275205,False
31,경기, 시흥시,130804.0,68532.0,62272.0,38348.0,16991.0,21357.0,451166.0,232951.0,218215.0,3.247731302805883,False
32,경기, 안산시,119341.33333333333,61960.0,57381.333333333336,41268.0,18042.666666666668,23225.333333333332,414666.0,209361.33333333334,205304.66666666666,2.780911763755614,False
33,경기, 안성시,43275.0,22884.0,20391.0,28371.0,12554.0,15817.0,174023.0,88473.0,85550.0,1.4374537379718726,False
34,경기, 안양시,99396.66666666667,49927.333333333336,49469.333333333336,45190.666666666664,20170.666666666668,25020.0,358764.0,175824.66666666666,182939.33333333334,2.1893606349393684,False
35,경기, 양주시,49259.0,24905.0,24354.0,30411.0,13728.0,16683.0,207734.0,103990.0,103744.0,1.6016572950577095,False
36,경기, 양평군,18583.0,9537.0,9046.0,25713.0,11886.0,13827.0,105056.0,52233.0,52823.0,0.703612958425699,True
37,경기, 여주시,21655.0,11327.0,10328.0,20924.0,9549.0,11375.0,102076.0,51516.0,50560.0,0.9871917415408143,True
38,경기, 연천군,8293.0,4787.0,3506.0,10094.0,4433.0,5661.0,39677.0,20488.0,19189.0,0.6946701010501288,True
39,경기, 오산시,66228.0,34598.0,31630.0,19071.0,8445.0,10626.0,215639.0,110191.0,105448.0,3.3170782864034396,False
40,경기, 용인시,127636.5,62587.5,65049.0,62920.5,28270.0,34650.5,494882.0,243764.5,251117.5,2.0676568050158535,False
41,경기, 의왕시,40279.0,20472.0,19807.0,19547.0,8887.0,10660.0,150673.0,74450.0,76223.0,2.0266025477055303,False
42,경기, 의정부시,112160.0,55301.0,56859.0,60671.0,26376.0,34295.0,425099.0,207441.0,217658.0,1.8743386461406604,False
43,경기, 이천시,52726.0,27619.0,25107.0,27195.0,12167.0,15028.0,200370.0,101752.0,98618.0,1.846442360728075,False
44,경기, 파주시,108645.0,54844.0,53801.0,55828.0,24174.0,31654.0,420588.0,209760.0,210828.0,1.9273841083327363,False
45,경기, 평택시,133390.0,70429.0,62961.0,56414.0,24412.0,32002.0,477029.0,243253.0,233776.0,2.2321055057255292,False
46,경기, 포천시,29729.0,16032.0,13697.0,24626.0,11053.0,13573.0,135779.0,70116.0,65663.0,1.1124015268415497,False
47,경기, 하남시,71746.0,35572.0,36174.0,31299.0,14734.0,16565.0,254528.0,126779.0,127749.0,2.3115115498897727,False
48,경기, 화성시,229274.0,117606.0,111668.0,64048.0,28692.0,35356.0,768956.0,393408.0,375548.0,3.4870097426929805,False
49,경남, 거제시,58101.0,30351.0,27750.0,23216.0,10341.0,12875.0,232585.0,120346.0,112239.0,2.390592694693315,False
50,경남, 거창군,9445.0,5024.0,4421.0,15425.0,6123.0,9302.0,56403.0,27277.0,29126.0,0.57322528363047,True
51,경남, 고성군,7352.0,4067.0,3285.0,14272.0,5840.0,8432.0,46838.0,23118.0,23720.0,0.4603419282511211,True
52,경남, 김해시,129227.0,65869.0,63358.0,52747.0,22611.0,30136.0,509414.0,254664.0,254750.0,2.4023356778584564,False
53,경남, 남해군,4833.0,2688.0,2145.0,14868.0,5888.0,8980.0,39237.0,18754.0,20483.0,0.2885391444713479,True
54,경남, 밀양시,16579.0,8791.0,7788.0,26056.0,10779.0,15277.0,96207.0,46631.0,49576.0,0.5977893767270495,True
55,경남, 사천시,20869.0,11429.0,9440.0,21648.0,8821.0,12827.0,103059.0,51358.0,51701.0,0.8721359940872137,True
56,경남, 산청군,3993.0,2135.0,1858.0,11163.0,4533.0,6630.0,31311.0,15203.0,16108.0,0.33288542506494667,True
57,경남, 양산시,85945.0,43569.0,42376.0,41056.0,17991.0,23065.0,329721.0,163340.0,166381.0,2.064302416212003,False
58,경남, 의령군,3323.0,1744.0,1579.0,8713.0,3370.0,5343.0,23911.0,11453.0,12458.0,0.3624469183977964,True
59,경남, 진주시,81837.0,42241.0,39596.0,52845.0,22070.0,30775.0,332208.0,163346.0,168862.0,1.4985712934052418,False
60,경남, 창녕군,9435.0,5153.0,4282.0,16795.0,6847.0,9948.0,56181.0,27648.0,28533.0,0.5099136647811848,True
61,경남, 창원시,83166.0,43547.0,39619.0,43655.333333333336,19563.0,24092.333333333332,328708.6666666667,164694.0,164014.66666666666,1.8150817769497425,False
62,경남, 통영시,24459.0,12662.0,11797.0,22350.0,9645.0,12705.0,122162.0,60826.0,61336.0,1.0556599552572707,False
63,경남, 하동군,5499.0,3066.0,2433.0,13811.0,5543.0,8268.0,40744.0,19901.0,20843.0,0.3523278546086453,True
64,경남, 함안군,10996.0,5780.0,5216.0,13955.0,5722.0,8233.0,60079.0,29988.0,30091.0,0.747545682551057,True
65,경남, 함양군,4844.0,2570.0,2274.0,11805.0,4631.0,7174.0,35496.0,16980.0,18516.0,0.3852604828462516,True
66,경남, 합천군,5071.0,2773.0,2298.0,15547.0,6030.0,9517.0,40085.0,19085.0,21000.0,0.29561973371068373,True
67,경북, 경산시,70122.0,37166.0,32956.0,39828.0,17051.0,22777.0,255939.0,127793.0,128146.0,1.6549161393994174,False
68,경북, 경주시,51111.0,27491.0,23620.0,50746.0,21311.0,29435.0,239382.0,119114.0,120268.0,0.9309108107042919,True
69,경북, 고령군,4501.0,2427.0,2074.0,8819.0,3763.0,5056.0,29019.0,14552.0,14467.0,0.4703481120308425,True
70,경북, 구미시,116063.0,61478.0,54585.0,35323.0,15195.0,20128.0,396338.0,201545.0,194793.0,3.090620841944342,False
71,경북, 군위군,2621.0,1480.0,1141.0,8360.0,3623.0,4737.0,20861.0,10491.0,10370.0,0.27296650717703347,True
72,경북, 김천시,27713.0,14640.0,13073.0,29105.0,12087.0,17018.0,129665.0,63978.0,65687.0,0.8983336196529806,True
73,경북, 문경시,10167.0,5401.0,4766.0,19266.0,7931.0,11335.0,64832.0,31547.0,33285.0,0.49475760406934494,True
74,경북, 봉화군,3568.0,1884.0,1684.0,10308.0,4427.0,5881.0,28857.0,14309.0,14548.0,0.32673651532790066,True
75,경북, 상주시,14788.0,8153.0,6635.0,27712.0,11216.0,16496.0,90827.0,44325.0,46502.0,0.4788539260969977,True
76,경북, 성주군,6021.0,3358.0,2663.0,11890.0,5175.0,6715.0,38006.0,19264.0,18742.0,0.4479394449116905,True
77,경북, 안동시,30402.0,15974.0,14428.0,34890.0,14881.0,20009.0,148890.0,73525.0,75365.0,0.8270564631699627,True
78,경북, 영덕군,4489.0,2403.0,2086.0,12502.0,4869.0,7633.0,33715.0,15906.0,17809.0,0.3337066069428891,True
79,경북, 영양군,1865.0,986.0,879.0,5674.0,2374.0,3300.0,15272.0,7531.0,7741.0,0.3098343320408883,True
80,경북, 영주시,17125.0,9245.0,7880.0,25317.0,10830.0,14487.0,97309.0,47843.0,49466.0,0.6225066161077537,True
81,경북, 영천시,17393.0,9422.0,7971.0,25552.0,10802.0,14750.0,92731.0,46027.0,46704.0,0.6239041953663118,True
82,경북, 예천군,8502.0,4323.0,4179.0,15336.0,6416.0,8920.0,50742.0,24733.0,26009.0,0.5449921752738655,True
83,경북, 울릉군,1506.0,874.0,632.0,1972.0,904.0,1068.0,8200.0,4436.0,3764.0,0.640973630831643,True
84,경북, 울진군,7500.0,4191.0,3309.0,12405.0,4936.0,7469.0,44272.0,22032.0,22240.0,0.5334945586457074,True
85,경북, 의성군,5802.0,3205.0,2597.0,19316.0,8030.0,11286.0,47133.0,22823.0,24310.0,0.26889625181196936,True
86,경북, 청도군,5033.0,2762.0,2271.0,14261.0,5971.0,8290.0,38218.0,18446.0,19772.0,0.3184909894116822,True
87,경북, 청송군,3120.0,1796.0,1324.0,8408.0,3632.0,4776.0,23031.0,11451.0,11580.0,0.3149381541389153,True
88,경북, 칠곡군,26524.0,14151.0,12373.0,15881.0,6654.0,9227.0,108254.0,55417.0,52837.0,1.558214218248221,False
89,경북, 포항시,70594.0,37210.666666666664,33383.333333333336,51221.333333333336,23237.333333333332,27984.0,317338.0,158700.0,158638.0,1.3034933361099543,False
90,광주, 광산구,108402.0,53657.0,54745.0,33965.0,14191.0,19774.0,392634.0,195701.0,196933.0,3.2236125423229796,False
91,광주, 남구,52095.0,25452.0,26643.0,34372.0,15104.0,19268.0,209133.0,100399.0,108734.0,1.5502734784126615,False
92,광주, 동구,26870.0,13869.0,13001.0,19994.0,8991.0,11003.0,95738.0,47381.0,48357.0,1.3004901470441133,False
93,광주, 북구,115023.0,58085.0,56938.0,58933.0,26052.0,32881.0,422264.0,208100.0,214164.0,1.9322959971493052,False
94,광주, 서구,77733.0,38131.0,39602.0,38366.0,16885.0,21481.0,289981.0,141373.0,148608.0,2.064432049210238,False
95,대구, 남구,36403.0,18344.0,18059.0,31219.0,13191.0,18028.0,141016.0,67453.0,73563.0,1.1569236682789328,False
96,대구, 달서구,142081.0,72376.0,69705.0,72740.0,31767.0,40973.0,549980.0,269246.0,280734.0,1.9165521033819082,False
97,대구, 달성군,68262.0,35250.0,33012.0,27906.0,12261.0,15645.0,243000.0,122037.0,120963.0,2.36594280799828,False
98,대구, 동구,82204.0,42216.0,39988.0,60517.0,25970.0,34547.0,328007.0,160082.0,167925.0,1.3215460118644349,False
99,대구, 북구,113047.0,58645.0,54402.0,56992.0,24436.0,32556.0,425333.0,210525.0,214808.0,1.9091100505334082,False
100,대구, 서구,39397.0,21378.0,18019.0,34817.0,14890.0,19927.0,167446.0,83008.0,84438.0,1.0350690754516472,False
101,대구, 수성구,88787.0,44007.0,44780.0,60804.0,26184.0,34620.0,405234.0,195256.0,209978.0,1.4729294125386487,False
102,대구, 중구,21428.0,10513.0,10915.0,14236.0,5913.0,8323.0,72483.0,34690.0,37793.0,1.5334363585276762,False
103,대전, 대덕구,43677.0,23109.0,20568.0,24547.0,10882.0,13665.0,170822.0,85844.0,84978.0,1.6758055974253472,False
104,대전, 동구,59947.0,31476.0,28471.0,37784.0,16694.0,21090.0,221955.0,111143.0,110812.0,1.5070400169383866,False
105,대전, 서구,134767.0,67012.0,67755.0,54211.0,24315.0,29896.0,463747.0,226805.0,236942.0,2.499677187286713,False
106,대전, 유성구,103746.0,54201.0,49545.0,29084.0,13142.0,15942.0,336354.0,170005.0,166349.0,3.4070279191307935,False
107,대전, 중구,54807.0,27338.0,27469.0,41168.0,18122.0,23046.0,227181.0,110975.0,116206.0,1.3344830936649825,False
108,부산, 강서구,35490.0,17864.0,17626.0,13407.0,6272.0,7135.0,120451.0,61117.0,59334.0,2.629372715745506,False
109,부산, 금정구,59601.0,31057.0,28544.0,43238.0,19179.0,24059.0,228110.0,111149.0,116961.0,1.3203200888107682,False
110,부산, 기장군,37473.0,18592.0,18881.0,22967.0,9865.0,13102.0,154532.0,75833.0,78699.0,1.644185135193974,False
111,부산, 남구,65648.0,33356.0,32292.0,48766.0,21543.0,27223.0,262984.0,127898.0,135086.0,1.324365336504942,False
112,부산, 동구,18886.0,9723.0,9163.0,20349.0,8542.0,11807.0,81089.0,39342.0,41747.0,0.9005847953216374,True
113,부산, 동래구,61364.0,30658.0,30706.0,43883.0,19835.0,24048.0,254552.0,123015.0,131537.0,1.399448533600711,False
114,부산, 부산진구,93807.0,46027.0,47780.0,62545.0,27308.0,35237.0,339223.0,162539.0,176684.0,1.5278599408425932,False
115,부산, 북구,69489.0,35543.0,33946.0,42923.0,19248.0,23675.0,276503.0,135427.0,141076.0,1.5817160962654055,False
116,부산, 사상구,54928.0,28566.0,26362.0,33971.0,15348.0,18623.0,209051.0,104170.0,104881.0,1.5520296723676077,False
117,부산, 사하구,77401.0,40135.0,37266.0,51920.0,23347.0,28573.0,304746.0,150249.0,154497.0,1.4355161787365178,False
118,부산, 서구,23642.0,11740.0,11902.0,23618.0,10079.0,13539.0,100101.0,48104.0,51997.0,1.0078753493098485,False
119,부산, 수영구,44258.0,21608.0,22650.0,33380.0,14781.0,18599.0,164784.0,77880.0,86904.0,1.3571000599161174,False
120,부산, 연제구,50757.0,24952.0,25805.0,35307.0,15782.0,19525.0,197985.0,94732.0,103253.0,1.4617497946582831,False
121,부산, 영도구,22954.0,12337.0,10617.0,27636.0,11825.0,15811.0,109458.0,53656.0,55802.0,0.7683456361267912,True
122,부산, 중구,9289.0,4831.0,4458.0,9567.0,4061.0,5506.0,38566.0,18759.0,19807.0,0.9319535904672311,True
123,부산, 해운대구,88245.0,43106.0,45139.0,61986.0,27104.0,34882.0,379986.0,181834.0,198152.0,1.4564256445003712,False
124,서울, 강남구,140926.0,63996.0,76930.0,65713.0,29965.0,35748.0,493492.0,234001.0,259491.0,2.3413936359624428,False
125,서울, 강동구,114312.0,55997.0,58315.0,59133.0,27239.0,31894.0,403443.0,196902.0,206541.0,1.9723335531767372,False
126,서울, 강북구,78369.0,38730.0,39639.0,56516.0,24425.0,32091.0,294143.0,141759.0,152384.0,1.4027532026328828,False
127,서울, 강서구,177038.0,84638.0,92400.0,79180.0,35319.0,43861.0,559359.0,268057.0,291302.0,2.3339227077544833,False
128,서울, 관악구,186005.0,94628.0,91377.0,70663.0,31721.0,38942.0,472796.0,234870.0,237926.0,2.586275702984589,False
129,서울, 광진구,113351.0,53872.0,59479.0,44612.0,20123.0,24489.0,331747.0,159187.0,172560.0,2.666502286380346,False
130,서울, 구로구,112888.0,55180.0,57708.0,61715.0,28397.0,33318.0,386239.0,188979.0,197260.0,1.8701450214696589,False
131,서울, 금천구,67481.0,35150.0,32331.0,34691.0,15868.0,18823.0,219896.0,110152.0,109744.0,1.8639416563373785,False
132,서울, 노원구,131084.0,64427.0,66657.0,76136.0,32338.0,43798.0,504967.0,241951.0,263016.0,1.7509982137228117,False
133,서울, 도봉구,81619.0,40253.0,41366.0,55474.0,25064.0,30410.0,315032.0,152106.0,162926.0,1.4913653242960667,False
134,서울, 동대문구,103780.0,51942.0,51838.0,54777.0,24324.0,30453.0,327897.0,160582.0,167315.0,1.8926921883272176,False
135,서울, 동작구,123540.0,60304.0,63236.0,58255.0,25648.0,32607.0,374478.0,180291.0,194187.0,2.1710067805338595,False
136,서울, 마포구,118571.0,54071.0,64500.0,47926.0,20279.0,27647.0,348755.0,163126.0,185629.0,2.6916496265075325,False
137,서울, 서대문구,90833.0,42863.0,47970.0,47748.0,20369.0,27379.0,291958.0,137971.0,153987.0,2.009298818798693,False
138,서울, 서초구,108033.0,49316.0,58717.0,52440.0,24068.0,28372.0,391520.0,185921.0,205599.0,2.239397406559878,False
139,서울, 성동구,91871.0,44558.0,47313.0,40757.0,17886.0,22871.0,283330.0,137125.0,146205.0,2.3217116078219693,False
140,서울, 성북구,123727.0,59148.0,64579.0,65389.0,28490.0,36899.0,418403.0,200642.0,217761.0,1.975225190781324,False
141,서울, 송파구,190322.0,89124.0,101198.0,81962.0,38178.0,43784.0,629275.0,301491.0,327784.0,2.469388253092897,False
142,서울, 양천구,108836.0,52694.0,56142.0,57720.0,26110.0,31610.0,429819.0,208741.0,221078.0,1.9453222453222454,False
143,서울, 영등포구,113318.0,55031.0,58287.0,52455.0,23732.0,28723.0,341509.0,167114.0,174395.0,2.222362024592508,False
144,서울, 용산구,64265.0,30377.0,33888.0,32923.0,14128.0,18795.0,204196.0,97390.0,106806.0,2.0586216322935336,False
145,서울, 은평구,124564.0,59492.0,65072.0,74710.0,32511.0,42199.0,447693.0,213158.0,234535.0,1.741989024227011,False
146,서울, 종로구,40758.0,19801.0,20957.0,23700.0,10452.0,13248.0,136649.0,65594.0,71055.0,1.7685232067510548,False
147,서울, 중구,37325.0,17998.0,19327.0,19765.0,8614.0,11151.0,115665.0,55820.0,59845.0,1.955679230963825,False
148,서울, 중랑구,108476.0,53892.0,54584.0,61294.0,27655.0,33639.0,374640.0,183357.0,191283.0,1.781055241948641,False
149,세종, 세종시,93067.0,45339.0,47728.0,29227.0,12797.0,16430.0,321495.0,159457.0,162038.0,3.2660211448318335,False
150,울산, 남구,82578.0,43837.0,38741.0,34419.0,16055.0,18364.0,307294.0,155232.0,152062.0,2.251140358522909,False
151,울산, 동구,39771.0,21279.0,18492.0,17097.0,8341.0,8756.0,151207.0,77870.0,73337.0,2.1631865239515706,False
152,울산, 북구,57905.0,29875.0,28030.0,15219.0,6827.0,8392.0,205269.0,104664.0,100605.0,3.683553452920691,False
153,울산, 울주군,48404.0,25766.0,22638.0,27838.0,12364.0,15474.0,207367.0,105698.0,101669.0,1.626409943243049,False
154,울산, 중구,52459.0,27580.0,24879.0,29334.0,13355.0,15979.0,212450.0,106869.0,105581.0,1.6962569032521988,False
155,인천, 강화군,9079.0,4814.0,4265.0,19402.0,8937.0,10465.0,60622.0,30141.0,30481.0,0.4396453973817132,True
156,인천, 계양구,79401.0,39749.0,39652.0,32634.0,14413.0,18221.0,288422.0,141983.0,146439.0,2.4301035729607157,False
157,인천, 남동구,139243.0,69533.0,69710.0,62739.0,27509.0,35230.0,508503.0,250015.0,258488.0,2.2222222222222223,False
158,인천, 동구,13526.0,6977.0,6549.0,12858.0,5470.0,7388.0,60791.0,30224.0,30567.0,1.0186654223051796,False
159,인천, 미추홀구,110480.0,57892.0,52588.0,62042.0,27162.0,34880.0,391216.0,195241.0,195975.0,1.695238709261468,False
160,인천, 부평구,136229.0,68092.0,68137.0,65451.0,28574.0,36877.0,487471.0,238604.0,248867.0,2.0820766680417413,False
161,인천, 서구,144517.0,72020.0,72497.0,49718.0,22258.0,27460.0,515884.0,257587.0,258297.0,2.9163280904300253,False
162,인천, 연수구,95482.0,46737.0,48745.0,32424.0,14446.0,17978.0,345349.0,170243.0,175106.0,3.0067234147545028,False
163,인천, 옹진군,3675.0,2384.0,1291.0,4623.0,2130.0,2493.0,17746.0,9801.0,7945.0,0.5585117888816785,True
164,인천, 중구,35567.0,18303.0,17264.0,17176.0,7634.0,9542.0,123549.0,63147.0,60402.0,2.0102468560782487,False
165,전남, 강진군,4568.0,2305.0,2263.0,10775.0,4311.0,6464.0,30984.0,14729.0,16255.0,0.42004640371229696,True
166,전남, 고흥군,6823.0,3692.0,3131.0,23336.0,9493.0,13843.0,57330.0,27685.0,29645.0,0.26834076105587934,True
167,전남, 곡성군,3932.0,2159.0,1773.0,9129.0,3616.0,5513.0,25420.0,12377.0,13043.0,0.38843246795925074,True
168,전남, 광양시,32494.0,17257.0,15237.0,17573.0,7594.0,9979.0,136701.0,69766.0,66935.0,1.7341375974506346,False
169,전남, 구례군,3138.0,1609.0,1529.0,7798.0,3124.0,4674.0,22648.0,10860.0,11788.0,0.39215183380353935,True
170,전남, 나주시,24039.0,12088.0,11951.0,22275.0,9094.0,13181.0,102246.0,50367.0,51879.0,1.0730415263748596,False
171,전남, 담양군,6745.0,3535.0,3210.0,12503.0,5174.0,7329.0,39391.0,19376.0,20015.0,0.5134767655762617,True
172,전남, 목포시,50155.0,25455.0,24700.0,34227.0,14864.0,19363.0,217091.0,107238.0,109853.0,1.4433049931340753,False
173,전남, 무안군,16346.0,8459.0,7887.0,14833.0,6242.0,8591.0,73190.0,36499.0,36691.0,1.0634396278568057,False
174,전남, 보성군,4721.0,2486.0,2235.0,13817.0,5536.0,8281.0,35928.0,17253.0,18675.0,0.3235145111095028,True
175,전남, 순천시,62033.0,31329.0,30704.0,38896.0,16920.0,21976.0,258508.0,127392.0,131116.0,1.578774167009461,False
176,전남, 신안군,4625.0,2732.0,1893.0,12414.0,5198.0,7216.0,33248.0,17302.0,15946.0,0.304978250362494,True
177,전남, 여수시,57128.0,30816.0,26312.0,47866.0,21149.0,26717.0,257459.0,129856.0,127603.0,1.0994024986420423,False
178,전남, 영광군,8339.0,4318.0,4021.0,13560.0,5568.0,7992.0,46722.0,22997.0,23725.0,0.5930678466076696,True
179,전남, 영암군,9127.0,4963.0,4164.0,12694.0,5097.0,7597.0,49208.0,25034.0,24174.0,0.6560579801481015,True
180,전남, 완도군,6845.0,3818.0,3027.0,14341.0,6087.0,8254.0,44786.0,22541.0,22245.0,0.42214629384282826,True
181,전남, 장성군,6561.0,3395.0,3166.0,11511.0,4685.0,6826.0,38235.0,18789.0,19446.0,0.5500825297541482,True
182,전남, 장흥군,5138.0,2678.0,2460.0,11638.0,4621.0,7017.0,34009.0,16311.0,17698.0,0.4227530503522942,True
183,전남, 진도군,3887.0,2148.0,1739.0,9188.0,3685.0,5503.0,26956.0,13233.0,13723.0,0.3785372224640836,True
184,전남, 함평군,3847.0,2119.0,1728.0,10199.0,4109.0,6090.0,27888.0,13806.0,14082.0,0.3388567506618296,True
185,전남, 해남군,9221.0,4701.0,4520.0,19832.0,8150.0,11682.0,61147.0,29830.0,31317.0,0.45582896329164985,True
186,전남, 화순군,9692.0,4855.0,4837.0,14657.0,5779.0,8878.0,55338.0,26670.0,28668.0,0.6600259261786178,True
187,전북, 고창군,7410.0,3959.0,3451.0,16964.0,6851.0,10113.0,49705.0,24257.0,25448.0,0.4068615892478189,True
188,전북, 군산시,58341.0,30261.0,28080.0,44223.0,19452.0,24771.0,253097.0,126535.0,126562.0,1.2699274133369514,False
189,전북, 김제시,12643.0,6623.0,6020.0,23275.0,9495.0,13780.0,75211.0,36619.0,38592.0,0.5172932330827068,True
190,전북, 남원시,12442.0,6350.0,6092.0,20231.0,8295.0,11936.0,73845.0,35836.0,38009.0,0.6022440808659977,True
191,전북, 무주군,3071.0,1622.0,1449.0,7291.0,3001.0,4290.0,21857.0,10779.0,11078.0,0.39747634069400634,True
192,전북, 부안군,7273.0,3861.0,3412.0,15492.0,6425.0,9067.0,47159.0,23144.0,24015.0,0.4404854118254583,True
193,전북, 순창군,3732.0,1790.0,1942.0,8467.0,3373.0,5094.0,25304.0,12130.0,13174.0,0.45872209755521437,True
194,전북, 완주군,19047.0,9954.0,9093.0,18469.0,8028.0,10441.0,86410.0,43862.0,42548.0,0.9846770263685094,True
195,전북, 익산시,64767.0,34073.0,30694.0,49006.0,21185.0,27821.0,270779.0,134541.0,136238.0,1.2526629392319308,False
196,전북, 임실군,4078.0,2125.0,1953.0,8782.0,3657.0,5125.0,25064.0,12476.0,12588.0,0.4447734001366431,True
197,전북, 장수군,2972.0,1550.0,1422.0,6777.0,2807.0,3970.0,20084.0,9869.0,10215.0,0.4196547144754316,True
198,전북, 전주시,109972.0,55228.0,54744.0,58825.333333333336,25933.333333333332,32892.0,418674.6666666667,205014.66666666666,213660.0,1.8612389220063916,False
199,전북, 정읍시,17454.0,9102.0,8352.0,27007.0,11097.0,15910.0,99749.0,49037.0,50712.0,0.6185063131780649,True
200,전북, 진안군,3123.0,1562.0,1561.0,7722.0,3289.0,4433.0,22048.0,10926.0,11122.0,0.4042994042994043,True
201,제주, 서귀포시,34640.0,17312.0,17328.0,31129.0,13284.0,17845.0,164899.0,82173.0,82726.0,1.1133027080857079,False
202,제주, 제주시,114518.0,57226.0,57292.0,61965.0,26514.0,35451.0,458548.0,227688.0,230860.0,1.8491729201968854,False
203,충남, 계룡시,8354.0,4243.0,4111.0,4456.0,1927.0,2529.0,40062.0,19798.0,20264.0,1.845152603231598,False
204,충남, 공주시,21079.0,11002.0,10077.0,24031.0,10464.0,13567.0,98934.0,49143.0,49791.0,0.8386667221505555,True
205,충남, 금산군,8222.0,4477.0,3745.0,14314.0,6113.0,8201.0,48333.0,24142.0,24191.0,0.5232639374039402,True
206,충남, 논산시,21283.0,11224.0,10059.0,27347.0,11591.0,15756.0,109021.0,53875.0,55146.0,0.735656561962921,True
207,충남, 당진시,37981.0,21107.0,16874.0,27802.0,12320.0,15482.0,156610.0,81970.0,74640.0,1.2138695057909503,False
208,충남, 보령시,17433.0,9513.0,7920.0,23385.0,9981.0,13404.0,93070.0,46468.0,46602.0,0.6773572803078897,True
209,충남, 부여군,9004.0,4875.0,4129.0,20327.0,8693.0,11634.0,60848.0,29958.0,30890.0,0.4062576868204851,True
210,충남, 서산시,37824.0,20539.0,17285.0,29258.0,12817.0,16441.0,163658.0,83783.0,79875.0,1.1815571809419645,False
211,충남, 서천군,6788.0,3771.0,3017.0,17125.0,7210.0,9915.0,48065.0,23558.0,24507.0,0.35235036496350364,True
212,충남, 아산시,82081.0,42949.0,39132.0,37285.0,15927.0,21358.0,298717.0,152655.0,146062.0,2.099074694917527,False
213,충남, 예산군,12312.0,6690.0,5622.0,22163.0,9585.0,12578.0,73032.0,36332.0,36700.0,0.5073320398862969,True
214,충남, 천안시,128840.66666666667,65860.0,62980.666666666664,42070.0,18390.666666666668,23679.333333333332,417768.6666666667,210210.0,207558.66666666666,2.9940892163853894,False
215,충남, 청양군,4356.0,2427.0,1929.0,10023.0,4365.0,5658.0,28735.0,14435.0,14300.0,0.3849146961987429,True
216,충남, 태안군,9463.0,5341.0,4122.0,17252.0,7663.0,9589.0,57081.0,28668.0,28413.0,0.4778576396939485,True
217,충남, 홍성군,19959.0,10303.0,9656.0,21525.0,9143.0,12382.0,94962.0,46923.0,48039.0,0.8971893147502904,True
218,충북, 괴산군,5135.0,2976.0,2159.0,11428.0,5023.0,6405.0,34160.0,17360.0,16800.0,0.37784389219460973,True
219,충북, 단양군,3842.0,2096.0,1746.0,7955.0,3481.0,4474.0,26478.0,13293.0,13185.0,0.43896920175989945,True
220,충북, 보은군,4288.0,2339.0,1949.0,10025.0,4255.0,5770.0,29945.0,14864.0,15081.0,0.3888279301745636,True
221,충북, 영동군,7450.0,4056.0,3394.0,13433.0,5701.0,7732.0,44563.0,22177.0,22386.0,0.5053227127224,True
222,충북, 옥천군,7557.0,4027.0,3530.0,13177.0,5705.0,7472.0,46182.0,22957.0,23225.0,0.5357820444714275,True
223,충북, 음성군,18696.0,10207.0,8489.0,16864.0,7459.0,9405.0,85751.0,44540.0,41211.0,1.006759962049336,False
224,충북, 제천시,26688.0,14204.0,12484.0,26116.0,11618.0,14498.0,126666.0,63363.0,63303.0,0.9560422729361311,True
225,충북, 증평군,9059.0,4972.0,4087.0,5720.0,2460.0,3260.0,35464.0,18166.0,17298.0,1.4290209790209791,False
226,충북, 진천군,18978.0,10355.0,8623.0,12143.0,5177.0,6966.0,76197.0,39378.0,36819.0,1.4202421147986495,False
227,충북, 청주시,90443.2,47213.6,43229.6,40118.8,17367.2,22751.6,321009.6,160360.8,160648.8,2.155079414140004,False
228,충북, 충주시,47183.0,25700.0,21483.0,37574.0,16091.0,21483.0,201057.0,101311.0,99746.0,1.1435034864533986,False
